,rep,tam,dens,tiempo
count,210.0,210.0,210.0,210.0
mean,4.5,1000.0,0.4085714285714284,1760.4142857142858
std,2.879144609812179,0.0,0.37774558809244696,2394.0759312077466
min,0.0,1000.0,0.01,77.0
25%,2.0,1000.0,0.05,93.0
50%,4.5,1000.0,0.3,103.0
75%,7.0,1000.0,0.9,4562.5
max,9.0,1000.0,1.0,8507.0
