,rep,tam,dens,tiempo
count,210.0,210.0,210.0,210.0
mean,4.5,1000.0,408.57142857142856,774.9047619047619
std,2.879144609812179,0.0,377.7455880924465,1137.1156579673154
min,0.0,1000.0,10.0,60.0
25%,2.0,1000.0,50.0,72.25
50%,4.5,1000.0,300.0,86.5
75%,7.0,1000.0,900.0,1425.75
max,9.0,1000.0,1000.0,5354.0
