,rep,tam,dens,tiempo
count,210.0,210.0,210.0,210.0
mean,4.5,100.0,0.4085714285714284,1550.147619047619
std,2.879144609812179,0.0,0.37774558809244696,2389.0229774359204
min,0.0,100.0,0.01,55.0
25%,2.0,100.0,0.05,107.5
50%,4.5,100.0,0.3,199.0
75%,7.0,100.0,0.9,1874.75
max,9.0,100.0,1.0,8694.0
