,rep,tam,dens,tiempo
count,210.0,210.0,210.0,210.0
mean,4.5,1000.0,408.57142857142856,759.0619047619048
std,2.879144609812179,0.0,377.7455880924465,997.5126630253252
min,0.0,1000.0,10.0,58.0
25%,2.0,1000.0,50.0,70.0
50%,4.5,1000.0,300.0,103.5
75%,7.0,1000.0,900.0,1653.5
max,9.0,1000.0,1000.0,3765.0
