,rep,tam,dens,tiempo
count,210.0,210.0,210.0,210.0
mean,4.5,1000.0,0.4085714285714284,2026.1666666666667
std,2.879144609812179,0.0,0.37774558809244696,2494.6889222865575
min,0.0,1000.0,0.01,124.0
25%,2.0,1000.0,0.05,267.75
50%,4.5,1000.0,0.3,397.0
75%,7.0,1000.0,0.9,4733.75
max,9.0,1000.0,1.0,9606.0
