,rep,tam,dens,tiempo
count,210.0,210.0,210.0,210.0
mean,4.5,100.0,0.4085714285714284,1015.7333333333333
std,2.879144609812179,0.0,0.37774558809244696,1769.0029942372664
min,0.0,100.0,0.01,68.0
25%,2.0,100.0,0.05,156.0
50%,4.5,100.0,0.3,333.0
75%,7.0,100.0,0.9,875.25
max,9.0,100.0,1.0,7576.0
