,rep,tam,dens,tiempo
count,210.0,210.0,210.0,210.0
mean,4.5,1000.0,0.4085714285714284,1966.3809523809523
std,2.879144609812179,0.0,0.37774558809244696,2803.1748333000805
min,0.0,1000.0,0.01,84.0
25%,2.0,1000.0,0.05,99.0
50%,4.5,1000.0,0.3,106.5
75%,7.0,1000.0,0.9,4563.75
max,9.0,1000.0,1.0,10572.0
