,rep,tiempo
count,210.0,210.0
mean,4.5,841430.180952381
std,2.879144609812179,2745507.734512423
min,0.0,2.0
25%,2.0,30.25
50%,4.5,44.0
75%,7.0,1309.5
max,9.0,12367418.0
