,rep,tiempo
count,210.0,210.0
mean,4.5,1017427.5666666667
std,2.879144609812179,3456983.926974261
min,0.0,0.0
25%,2.0,37.0
50%,4.5,45.0
75%,7.0,2298.5
max,9.0,15913584.0
